GOterm,over_represented_pvalue,under_represented_pvalue,numDEInCat,numInCat,term,ontology,bh_adjust
GO:0005634,2.4381930072430806e-7,0.9999999303360245,48,2876,nucleus,CC,0.004591361251939445
GO:0044428,5.320513271550868e-7,0.999999843370811,40,2185,NA,NA,0.005009529270828719
