GOterm,over_represented_pvalue,under_represented_pvalue,numDEInCat,numInCat,term,ontology,bh_adjust
GO:0009404,4.891932381817899e-6,0.9999997578927586,7,13,toxin metabolic process,BP,0.022291462046296118
GO:0006082,8.633130633458142e-6,0.9999960509956441,53,469,organic acid metabolic process,BP,0.023224354708378612
GO:0005576,1.577934501048581e-8,1,65,537,extracellular region,CC,2.971408458924583e-4
GO:0005615,8.235695590615238e-6,0.9999968899246245,34,250,extracellular space,CC,0.023224354708378612
GO:0016491,1.4687075460291067e-7,0.9999999599416626,45,320,oxidoreductase activity,MF,0.001259067701409337
GO:0055114,2.005843080148697e-7,1,54,429,NA,NA,0.001259067701409337
GO:0044421,5.918820574132048e-6,0.9999975754576481,42,339,NA,NA,0.022291462046296118
