GOterm,over_represented_pvalue,under_represented_pvalue,numDEInCat,numInCat,term,ontology,bh_adjust
GO:0009404,4.891932381817789e-6,0.9999997578927586,7,13,toxin metabolic process,BP,0.022291462046296204
GO:0006082,8.633130633455827e-6,0.9999960509956441,53,469,organic acid metabolic process,BP,0.023224354708372384
GO:0005576,1.5779345010492977e-8,1,65,537,extracellular region,CC,2.9714084589259327e-4
GO:0005615,8.235695590612902e-6,0.9999968899246245,34,250,extracellular space,CC,0.023224354708372384
GO:0016491,1.468707546028439e-7,0.9999999599416626,45,320,oxidoreductase activity,MF,0.0012590677014081915
GO:0055114,2.005843080146872e-7,1,54,429,NA,NA,0.0012590677014081915
GO:0044421,5.9188205741320705e-6,0.9999975754576481,42,339,NA,NA,0.022291462046296204
