"","delta.rank","pval","level","nseqs","term","name","p.adj"
"32",0,3.73333535721825e-18,3,37,"GO:0006412;GO:0043043;GO:0043604","amide biosynthetic process",0
"99",0,9.91997793828141e-06,2,66,"GO:0015031;GO:0015833;GO:0045184;GO:0042886;GO:0008104;GO:0033036","peptide transport",0
"154",0,9.28703132071871e-10,4,93,"GO:0044271","cellular nitrogen compound biosynthetic process",0
"192",0,1.36763847634476e-05,4,79,"GO:0071702;GO:0071705;GO:0006820","organic substance transport",0
