group,N,Mean_R,SE_R,Mean_P,SE_P,Mean_GP,SE_GP,Mean_PR,SE_PR
Larvae2,18,-0.018865376988364754,0.001526713131499715,0.011875684472049971,0.002033788512779547,0.030741061460414738,0.0026139739241114,1.7678233651157427,0.16404594919605886
Larvae3,20,-0.013644439195582453,9.914917049518768e-4,0.013637832683558246,0.0033022031183657843,0.027282271879140712,0.0034922701312686054,2.1394967568822896,0.23205359533722447
Larvae5,18,-0.019675601087397545,0.0013875883678883154,0.0321563723226706,0.002772357307802657,0.05183197341006814,0.003296596684495594,2.7058024969400685,0.18047506211766334
Larvae6,14,-0.022080911851982087,0.0014438353002842789,0.03202355671490193,0.0039208556701086274,0.05410446856688401,0.004811804747630107,2.4463701862703173,0.14163705314406674
Recruit1,18,-0.055417500362300524,0.006568384640324685,0.0028308639012696547,0.006785188050584892,0.05824836426357015,0.009112168292963806,1.1206930752893398,0.1516710845953043
Recruit2,12,-0.04029478861694893,0.001808274183162446,0.014010578803389188,0.004886085609917836,0.05430536742033811,0.005003997607684348,1.358576029530959,0.1258548607590448
