group,N,Mean_R,SE_R,Mean_P,SE_P,Mean_GP,SE_GP,Mean_PR,SE_PR
Larvae2,20,-0.016844164614018615,0.001953002032531507,0.011275223751685036,0.0020756488563251317,0.02811938836570366,0.0030796106300991417,2.5089936265137696,0.5355835638079528
Larvae3,20,-0.013644439195582453,9.914917049518768e-4,0.013637832683558246,0.0033022031183657843,0.027282271879140712,0.0034922701312686054,2.1394967568822896,0.23205359533722447
Larvae5,18,-0.019675601087397545,0.0013875883678883154,0.0321563723226706,0.002772357307802657,0.05183197341006814,0.003296596684495594,2.7058024969400685,0.18047506211766334
Larvae6,15,-0.02028284451630235,0.0022449391531633583,0.02906452309085179,0.004698855316206196,0.049347367607154136,0.006534244088885603,2.5184758336084476,0.15028463624605137
Recruit1,18,-0.055417500362300524,0.006568384640324685,0.0028308639012696547,0.006785188050584892,0.05824836426357015,0.009112168292963806,1.1206930752893398,0.1516710845953043
Recruit2,12,-0.04029478861694893,0.001808274183162446,0.014010578803389188,0.004886085609917836,0.05430536742033811,0.005003997607684348,1.358576029530959,0.1258548607590448
