N,Mean_R,SE_R,Mean_P,SE_P,Mean_GP,SE_GP,Mean_PR,SE_PR
100,-0.021089553711092827,0.001856268843095819,0.009243790130944058,0.0023180932928556653,0.03033334384203688,0.0029630418580656537,1.8497171229831095,0.12796950021345083
