group,N,Mean_R,SE_R,Mean_P,SE_P,Mean_GP,SE_GP,Mean_PR,SE_PR
Larvae2,20,-0.004191301797557767,0.003966035347487429,0.0063351086467272255,0.002534295138125501,0.01052641044428499,0.005794911776265867,2.4928658773764796,0.5980699386684828
Larvae3,20,-0.013644439195582453,9.914917049518768e-4,0.013637832683558246,0.0033022031183657843,0.027282271879140712,0.0034922701312686054,2.1394967568822896,0.23205359533722447
Larvae5,18,-0.019675601087397545,0.0013875883678883154,0.0321563723226706,0.002772357307802657,0.05183197341006814,0.003296596684495594,2.7058024969400685,0.18047506211766334
Larvae6,15,-0.011576113371115599,0.004692905563858888,0.018565241969189055,0.006851183676266592,0.030141355340304637,0.01120869508435131,2.6801630718555236,0.5057984682201798
Recruit1,18,-0.055417500362300524,0.006568384640324685,0.0028308639012696547,0.006785188050584892,0.05824836426357015,0.009112168292963806,1.1206930752893398,0.1516710845953043
Recruit2,12,-0.031588057471762174,0.005033981664653603,0.0035112976817264327,0.007071704726239291,0.03509935515348861,0.011024269522608989,1.7292084348805628,0.40093735805687236
