lifestage_std,N,Mean_R,SE_R,Mean_P,SE_P,Mean_GP,SE_GP,Mean_PR,SE_PR,Mean_R_size,SE_R_size,Mean_GP_size,SE_GP_size,Mean_PR_size,SE_PR_size
Embryo (65 hpf),18,0.01706206868904497,0.0016518740260194232,0.010887392271284723,0.0019434920691952513,0.02743918705606492,0.0028997363218619654,1.8832387277143987,0.24080925870950143,0.8980036152128932,0.08694073821154859,1.4441677397928905,0.15261770115062978,1.8832387277143987,0.24080925870950143
Larvae (93 hpf),19,0.01397217831629014,9.863754467443688e-4,0.016121456308393716,0.0027121111042524623,0.028880500453777526,0.003273057709537253,2.2302182219274513,0.2251381967912959,0.7762321286827856,0.054798635930242715,1.6044722474320847,0.1818365394187363,2.2302182219274513,0.2251381967912959
Larvae (183 hpf),18,0.019675601087397528,0.0013875883678883152,0.032156372322670594,0.0027723573078026567,0.051831973410068136,0.0032965966844955927,2.7058024969400694,0.18047506211766254,0.5621600310685008,0.039645381939666144,1.4809135260019466,0.09418847669987407,2.7058024969400694,0.18047506211766248
Larvae (231 hpf),14,0.022080911851982122,0.00144383530028427,0.0320235567149019,0.0039208556701086274,0.054104468566884,0.004811804747630115,2.4463701862703107,0.14163705314406583,0.2944121580264283,0.019251137337123598,0.7213929142251201,0.06415739663506821,2.446370186270311,0.14163705314406583
Metamorphosed Polyp (183 hpf),16,0.049455691416657,0.0037270252300234392,0.012516657580359043,0.0044797013480142095,0.05515616096496113,0.006190866955840267,1.1875776609044413,0.155957111886906,1.0303269045136876,0.07764635895882165,1.1490866867700233,0.1289763949133389,1.1875776609044413,0.155957111886906
Metamorphosed Polyp (231 hpf),12,0.04029478861694893,0.001808274183162443,0.016318804886378414,0.003716036966184493,0.054305367420338126,0.005003997607684356,1.3585760295309592,0.12585486075904495,0.6199198248761373,0.02781960281788374,0.835467191082125,0.07698457857975931,1.3585760295309592,0.12585486075904495
