lifestage_std,N,Mean_R,SE_R,Mean_P,SE_P,Mean_GP,SE_GP,Mean_PR,SE_PR
Embryo (65 hpf),18,0.018865376988364754,0.0015267131314997153,0.012198637613185986,0.001907657849251085,0.030741061460414738,0.0026139739241114,1.7678233651157427,0.16404594919605886
Larvae (93 hpf),19,0.013972178316290142,9.863754467443646e-4,0.01612145630839371,0.0027121111042524627,0.028880500453777543,0.003273057709537259,2.2302182219274487,0.2251381967912951
Larvae (183 hpf),18,0.019675601087397545,0.0013875883678883157,0.0321563723226706,0.002772357307802657,0.05183197341006814,0.003296596684495594,2.7058024969400685,0.18047506211766334
Larvae (231 hpf),14,0.022080911851982087,0.0014438353002842789,0.03202355671490193,0.0039208556701086274,0.05410446856688401,0.004811804747630107,2.4463701862703173,0.14163705314406672
Metamorphosed Polyp (183 hpf),16,0.049455691416657,0.003727025230023439,0.012516657580359044,0.004479701348014206,0.05515616096496114,0.00619086695584027,1.1875776609044413,0.15595711188690586
Metamorphosed Polyp (231 hpf),12,0.04029478861694893,0.0018082741831624458,0.016318804886378397,0.003716036966184492,0.054305367420338105,0.005003997607684349,1.358576029530959,0.12585486075904484
