group,N,Mean_R,SE_R,Mean_P,SE_P,Mean_GP,SE_GP,Mean_PR,SE_PR
Larvae2,17,-0.007162869120496584,0.004093912462957915,0.010364303260378734,0.0037662259726860678,0.017527172380875325,0.007045947131678429,2.0198950319971276,0.45191909852053497
Larvae3,20,-0.013061458515990243,0.0010568841137675367,0.008326086466722447,0.0025586388537529765,0.02138754498271268,0.0028101942213662897,1.7171362989540115,0.22039268722707694
Larvae5,18,-0.019225566329363272,0.0013210084490890258,0.025214274927095097,0.004541803295726938,0.04443984125645836,0.00480854759960071,2.394710194868666,0.29776443816034975
Larvae6,15,-0.012303756768638966,0.004698765553086328,0.014467469399755456,0.007614562945134665,0.02677122616839443,0.01148437803342655,2.5554026577358298,0.2915552187933619
Recruit1,18,-0.046888681406585433,0.0028020304335304464,-0.0060638569466399264,0.006229280562910139,0.0408248244599455,0.0060851271930815656,0.9160162807809898,0.13591830057407664
Recruit2,12,-0.02927871791369788,0.0047390444344391726,0.001662046974082788,0.007040945823215286,0.03094076488778066,0.010358729030689526,1.5305545289623586,0.22873168758770132
