SS,MS,NumDF,DenDF,F,P
0.016605980928981773,0.0033211961857963546,5,92.29015926361276,30.053530606985476,5.263118739740717e-18
