Model.Component,SS,df,MS,F,P
Treatment,102932980.9055141,9,11436997.878390456,25.06380748251786,1.341774857903868e-11
Error,13689457.86034443,30,456315.26201148104,NA,NA
Total,116622438.76585853,39,11893313.140401937,NA,NA
