category,over_represented_pvalue,under_represented_pvalue,numDEInCat,numInCat,bh_adjust
K20478,1.844593191180286e-8,1,16,16,2.7779573459175107e-5
K22614,7.82014855095107e-7,1,13,13,5.888571858866156e-4
K01672,3.7101602860336977e-6,1,11,11,0.0018625004635889162
K09848,1.104250271660913e-5,1,10,10,0.004157502272803338
K11150,3.440213870746354e-5,1,9,9,0.010361924178688017
