lifestage,bacteria_alpha_diversity
Embryo (38 hpf),0
Embryo (65 hpf),0.6490358066855653
Larvae (93 hpf),0.8203721564135227
Larvae (163 hpf),0.9135193192583985
Larvae (231 hpf),1.1343328397486667
Metamorphosed Polyp (231 hpf),1.5490544713894678
Attached Recruit (183 hpf),1.6835118292979805
Attached Recruit (231 hpf),1.870870809794344
