lifestage,bacteria_alpha_diversity
Embryo (38 hpf),0
Embryo (65 hpf),0.6490358066855662
Larvae (93 hpf),0.8203721564135228
Larvae (163 hpf),0.9135193192583989
Larvae (231 hpf),1.1343328397486674
Metamorphosed Polyp (231 hpf),1.5490544713894674
Attached Recruit (183 hpf),1.6835118292979812
Attached Recruit (231 hpf),1.8708708097943456
