lifestage,symbiont_alpha_diversity
Egg (1 hpf),0
Embryo (5 hpf),0.0836217754910836
Embryo (38 hpf),0.11409551905239877
Embryo (65 hpf),0.0908538285439567
Larvae (93 hpf),0.09592634436779111
Larvae (163 hpf),0.03396512789331866
Larvae (231 hpf),0.05957390092449117
Metamorphosed Polyp (231 hpf),0.10350467525529918
Attached Recruit (183 hpf),0.036680474532054204
Attached Recruit (231 hpf),0.05298688206381674
