lifestage,symbiont_alpha_diversity
Egg (1 hpf),0
Embryo (5 hpf),0.048665805571099896
Embryo (38 hpf),-0.009714731019295932
Embryo (65 hpf),0.04732218005853566
Larvae (93 hpf),-0.03725556288070274
Larvae (163 hpf),-0.017428408177171124
Larvae (231 hpf),-0.014984619022515579
Metamorphosed Polyp (231 hpf),0.05301911928337021
Attached Recruit (183 hpf),-0.053510217633682994
Attached Recruit (231 hpf),-0.06744378185755488
