lifestage,symbiont_alpha_diversity
Egg (1 hpf),0
Embryo (5 hpf),0.005854743141973425
Embryo (38 hpf),-0.007739086044962233
Embryo (65 hpf),0.0010973944237312981
Larvae (93 hpf),-0.011085220946987663
Larvae (163 hpf),-0.013331928196452047
Larvae (231 hpf),-0.022606039854240752
Metamorphosed Polyp (231 hpf),-0.01357064163348187
Attached Recruit (183 hpf),-0.0305618369741176
Attached Recruit (231 hpf),-0.02709482046060599
