lifestage,symbiont_alpha_diversity
Egg (1 hpf),0
Embryo (5 hpf),0.009106585506697082
Embryo (38 hpf),0.00969980557408872
Embryo (65 hpf),-0.0073787095671010265
Larvae (93 hpf),0.007400541539683122
Larvae (163 hpf),-0.018710110609946835
Larvae (231 hpf),0.007038069799391085
Metamorphosed Polyp (231 hpf),0.03755605547280629
Attached Recruit (183 hpf),-0.018311599383935666
Attached Recruit (231 hpf),-0.04668721920010604
