lifestage_std,GP_change,R_change,ratio_change
Embryo (65 hpf),0,0,0
Larvae (93 hpf),-0.06052364226372075,-0.25937455027230566,0.26156168423615794
Larvae (183 hpf),0.6860827488605808,0.04294767602749192,0.5305841920258332
Larvae (231 hpf),0.7600065188560365,0.17044636137409383,0.3838317982125714
Metamorphosed Polyp (183 hpf),0.794217842346977,1.621505599763994,-0.3282260635656389
Metamorphosed Polyp (231 hpf),0.7665417145815581,1.1359121867429838,-0.23149786548838236
