Lifestage,size_change
Egg (1 hpf),0
Embryo (5 hpf),-0.2985074626865672
Embryo (38 hpf),0.47761194029850745
Embryo (65 hpf),-0.47761194029850745
Larvae (93 hpf),-0.7313432835820896
Larvae (163 hpf),-0.5074626865671642
Larvae (183 hpf),-0.47761194029850745
Larvae (231 hpf),0.11940298507462675
Metamorphosed Polyp (183 hpf),-0.28358208955223885
Metamorphosed Polyp (231 hpf),-0.02985074626865674
